 Cristiano Ronaldo *,Portugal,25
 João Moutinho *,Portugal,19
 Pepe *,Portugal,19
Leonardo Bonucci *,Italy,18
Bastian Schweinsteiger,Germany,18
Gianluigi Buffon,Italy,17
Giorgio Chiellini,Italy,17
 Cesc Fàbregas,Spain,16
 Iniesta *,Spain,16
 Jordi Alba *,Spain,16
 Rui Patrício *,Portugal,16
Lilian Thuram,France,16
Edwin van der Sar,Netherlands,16
 David Silva,Spain,15
Hugo Lloris *,France,15
Thomas Müller *,Germany,15
 Nani *,Portugal,15
Manuel Neuer *,Germany,15
 Sergio Ramos *,Spain,15
 Busquets *,Spain,14
Petr Čech,Czech Republic,14
 Iker Casillas,Spain,14
Toni Kroos *,Germany,14
Philipp Lahm,Germany,14
 Luís Figo,Portugal,14
 Nuno Gomes,Portugal,14
Karel Poborský,Czech Republic,14
Zinédine Zidane,France,14
Dennis Bergkamp,Netherlands,13
Laurent Blanc,France,13
Antonio Cassano,Italy,13
Phillip Cocu,Netherlands,13
Alessandro Del Piero,Italy,13
Didier Deschamps,France,13
 Fernando Torres,Spain,13
Mario Gómez,Germany,13
Thomas Häßler,Germany,13
Mats Hummels *,Germany,13
Zlatan Ibrahimović,Sweden,13
Andreas Isaksson,Sweden,13
Kostas Katsouranis,Greece,13
Jürgen Klinsmann,Germany,13
Miroslav Klose,Germany,13
Paolo Maldini,Italy,13
Olof Mellberg,Sweden,13
Luka Modrić *,Croatia,13
Peter Schmeichel,Denmark,13
Andreas Brehme,Germany,12
Edgar Davids,Netherlands,12
Daniele De Rossi,Italy,12
Marcel Desailly,France,12
 Fernando Couto,Portugal,12
Kim Källström,Sweden,12
Bixente Lizarazu,France,12
Pavel Nedvěd,Czech Republic,12
Lukas Podolski *,Germany,12
 Rui Costa,Portugal,12
Darijo Srna,Croatia,12
 Xabi Alonso,Spain,12
Michael Ballack,Germany,11
Vedran Ćorluka,Croatia,11
Olivier Giroud *,France,11
Antoine Griezmann *,France,11
Thierry Henry,France,11
Harry Kane *,England,11
Sebastian Larsson,Sweden,11
Robert Lewandowski *,Poland,11
Lothar Matthäus,Germany,11
Gary Neville,England,11
Mesut Özil,Germany,11
Andrea Pirlo,Italy,11
Jaroslav Plašil,Czech Republic,11
Paul Pogba *,France,11
 Ricardo Carvalho,Portugal,11
Vladimír Šmicer,Czech Republic,11
Giovanni van Bronckhorst,Netherlands,11
 Xavi,Spain,11
Andrey Yarmolenko *,Ukraine,11
Gianluca Zambrotta,Italy,11
Joe Allen *,Wales,10
 Álvaro Morata *,Spain,10
Gareth Bale,Wales,10
Milan Baroš,Czech Republic,10
Andrea Barzagli,Italy,10
Karim Benzema *,France,10
Jérôme Boateng *,Germany,10
 Costinha,Portugal,10
Thibaut Courtois *,Belgium,10
Youri Djorkaeff,France,10
Patrice Evra,France,10
 Gordillo,Spain,10
Sergey Ignashevich,Russia,10
Giorgios Karagounis,Greece,10
Sami Khedira,Germany,10
Jürgen Kohler,Germany,10
Jan Koller,Czech Republic,10
Henrik Larsson,Sweden,10
Michael Laudrup,Denmark,10
Freddie Ljungberg,Sweden,10
Romelu Lukaku *,Belgium,10
Ivan Perišić *,Croatia,10
 Piqué,Spain,10
Ivan Rakitić *,Croatia,10
Michael Reiziger,Netherlands,10
 Renato Sanches *,Portugal,10
 Ricardo,Portugal,10
Wayne Rooney,England,10
Tomáš Rosický,Czech Republic,10
Matthias Sammer,Germany,10
Clarence Seedorf,Netherlands,10
John Sivebæk,Denmark,10
Raheem Sterling *,England,10
Tony Adams,England,9
Toby Alderweireld *,Belgium,9
Aleksandr Anyukov,Russia,9
Fabien Barthez,France,9
Angelos Charisteas,Greece,9
 Danilo *,Portugal,9
Ben Davies *,Wales,9
Frank de Boer,Netherlands,9
Kevin De Bruyne *,Belgium,9
 Deco,Portugal,9
Traianos Dellas,Greece,9
Breel Embolo *,Switzerland,9
Stefano Fiore,Italy,9
Steven Gerrard,England,9
Raphaël Guerreiro *,Portugal,9
Ruud Gullit,Netherlands,9
Eden Hazard,Belgium,9
Thomas Helmer,Germany,9
Thomas Helveg,Denmark,9
Lorenzo Insigne *,Italy,9
Marek Jankulovski,Czech Republic,9
Simon Kjær *,Denmark,9
Patrick Kluivert,Netherlands,9
Ronald Koeman,Netherlands,9
Dries Mertens *,Belgium,9
Thomas Meunier *,Belgium,9
Jiří Němec,Czech Republic,9
Alessandro Nesta,Italy,9
Antonis Nikopolidis,Greece,9
Aaron Ramsey *,Wales,9
Rüştü Reçber,Turkey,9
 Ricardo Quaresma,Portugal,9
Frank Rijkaard,Netherlands,9
Arjen Robben,Netherlands,9
Ricardo Rodríguez *,Switzerland,9
Haris Seferović *,Switzerland,9
Xherdan Shaqiri *,Switzerland,9
Alan Shearer,England,9
Yann Sommer *,Switzerland,9
Jaap Stam,Netherlands,9
Anders Svensson,Sweden,9
 Thiago Motta,Italy,9
Marco van Basten,Netherlands,9
Hans van Breukelen,Netherlands,9
Rafael van der Vaart,Netherlands,9
Adri van Tiggelen,Netherlands,9
Thomas Vermaelen,Belgium,9
Patrick Vieira,France,9
Kyle Walker *,England,9
Aron Winter,Netherlands,9
Axel Witsel *,Belgium,9
Jan Wouters,Netherlands,9
Yuriy Zhirkov,Russia,9
Igor Akinfeev *,Russia,8
Demetrio Albertini,Italy,8
 Alfonso,Spain,8
Nicolas Anelka,France,8
 Arconada,Spain,8
Hakan Balta,Turkey,8
Angelos Basinas,Greece,8
Radek Bejbl,Czech Republic,8
Jakub Błaszczykowski,Poland,8
Guido Buchwald,Germany,8
Sol Campbell,England,8
Fabio Cannavaro,Italy,8
Yannick Carrasco *,Belgium,8
Ashley Cole,England,8
Kingsley Coman *,France,8
Vladimír Darida *,Czech Republic,8
 Dimas,Portugal,8
Christophe Dugarry,France,8
Luis Fernández,France,8
Torsten Frings,Germany,8
Tomáš Galásek,Czech Republic,8
Kamil Glik *,Poland,8
Gheorghe Hagi,Romania,8
Joe Hart *,England,8
John Heitinga,Netherlands,8
Jordan Henderson *,England,8
Ciro Immobile *,Italy,8
 João Vieira Pinto,Portugal,8
N'Golo Kanté *,France,8
Joshua Kimmich *,Germany,8
Laurent Koscielny,France,8
Brian Laudrup,Denmark,8
Aleksey Mikhaylichenko,CISUSSR,8
Andreas Möller,Germany,8
Lars Olsen,Denmark,8
Marc Overmars,Netherlands,8
Roman Pavlyuchenko,Russia,8
Stuart Pearce,England,8
Łukasz Piszczek,Poland,8
Flemming Povlsen,Denmark,8
 Puyol,Spain,8
Adil Rami,France,8
 Raúl Meireles,Portugal,8
Stefan Reuter,Germany,8
Fabian Schär *,Switzerland,8
Georgios Seitaridis,Greece,8
Moussa Sissoko *,France,8
Wesley Sneijder,Netherlands,8
Maarten Stekelenburg,Netherlands,8
Ruud van Nistelrooy,Netherlands,8
Jan Vertonghen *,Belgium,8
 Víctor Muñoz,Spain,8
Domagoj Vida *,Croatia,8
Kim Vilfort,Denmark,8
 Vítor Baía,Portugal,8
Rudi Völler,Germany,8
Christian Wilhelmsson,Sweden,8
Sylvain Wiltord,France,8
Granit Xhaka *,Switzerland,8
Christian Ziege,Germany,8
Oleksandr Zinchenko *,Ukraine,8
 Abelardo,Spain,7
David Alaba *,Austria,7
Sergey Aleynikov,CISUSSR,7
Massimo Ambrosini,Italy,7
 Arbeloa,Spain,7
Markus Babbel,Germany,7
David Beckham,England,7
Valon Behrami,Switzerland,7
Marcus Berg,Sweden,7
Patrik Berger,Czech Republic,7
Joachim Björklund,Sweden,7
Hans-Peter Briegel,Germany,7
Marcelo Brozović *,Croatia,7
 Bruno Alves,Portugal,7
 Camacho,Spain,7
Jan Ceulemans,Belgium,7
Federico Chiesa *,Italy,7
Cristian Chivu,Romania,7
Ronald de Boer,Netherlands,7
Antonio Di Natale,Italy,7
Roberto Donadoni,Italy,7
Gianluigi Donnarumma *,Italy,7
Albin Ekdal *,Sweden,7
Arif Erdem,Turkey,7
Emil Forsberg *,Sweden,7
Karlheinz Förster,Germany,7
Arne Friedrich,Germany,7
William Gallas,France,7
 Gallego,Spain,7
Zdeněk Grygera,Czech Republic,7
Chris Gunter,Wales,7
Marek Hamšík,Slovakia,7
 Hélder Postiga,Portugal,7
René Henriksen,Denmark,7
Martin Hinteregger,Austria,7
Paul Ince,England,7
 Iván Helguera,Spain,7
Faxe Jensen,Denmark,7
 João Mário *,Portugal,7
 Jorginho *,Italy,7
 Koke *,Spain,7
Andrej Kramarić *,Croatia,7
Grzegorz Krychowiak *,Poland,7
Juraj Kucka *,Slovakia,7
Pavel Kuka,Czech Republic,7
Oleg Kuznetsov,CISUSSR,7
Henrik Larsen,Denmark,7
Stephan Lichtsteiner,Switzerland,7
Victor Lindelöf *,Sweden,7
Mikael Lustig,Sweden,7
 Marchena,Spain,7
Blaise Matuidi,France,7
Dorinel Munteanu,Romania,7
Ivan Nielsen,Denmark,7
Mikael Nilsson,Sweden,7
Morten Olsen,Denmark,7
Michael Owen,England,7
Alpay Özalan,Turkey,7
Christian Panucci,Italy,7
Dimitri Payet *,France,7
Peter Pekarík *,Slovakia,7
Jean-Marie Pfaff,Belgium,7
Kalvin Phillips *,England,7
Jordan Pickford *,England,7
Robert Pirés,France,7
David Platt,England,7
Marcus Rashford *,England,7
 Raúl,Spain,7
Franck Ribéry,France,7
Declan Rice *,England,7
Karl-Heinz Rummenigge,Germany,7
 Sá Pinto,Portugal,7
Marcel Sabitzer *,Austria,7
Bacary Sagna,France,7
 Santi Cazorla *,Spain,7
Paul Scholes,England,7
Toni Schumacher,Germany,7
David Seaman,England,7
Roman Shirokov,Russia,7
Tomáš Sivok,Czech Republic,7
Uli Stielike,Germany,7
Dragan Stojković,Yugoslavia,7
John Stones *,England,7
Hakan Şükür,Turkey,7
Sergiy Sydorchuk *,Ukraine,7
Ádám Szalai,Hungary,7
Ogün Temizkanoğlu,Turkey,7
John Terry,England,7
Jon Dahl Tomasson,Denmark,7
Mehmet Topal,Turkey,7
David Trezeguet,France,7
Tomáš Ujfaluši,Czech Republic,7
Berry van Aerle,Netherlands,7
Robin van Persie,Netherlands,7
René Vandereycken,Belgium,7
 William Carvalho *,Portugal,7
Dino Zoff,Italy,7
 Zubizarreta,Spain,7
Konstantin Zyryanov,Russia,7
Ibrahim Afellay,Netherlands,6
Klaus Allofs,Germany,6
Alessandro Altobelli,Italy,6
Marko Arnautović *,Austria,6
Andrey Arshavin,Russia,6
Mario Balotelli *,Italy,6
Nicolò Barella *,Italy,6
Andrea Belotti *,Italy,6
Domenico Berardi *,Italy,6
Klaus Berggreen,Denmark,6
Wilfred Bouma,Netherlands,6
Martin Braithwaite *,Denmark,6
Mauro Camoranesi,Italy,6
James Chester *,Wales,6
Andreas Christensen *,Denmark,6
Cosmin Contra,Romania,6
Bryan Cristante *,Italy,6
Nigel de Jong,Netherlands,6
Thomas Delaney *,Denmark,6
Giovanni Di Lorenzo *,Italy,6
Aleksandar Dragović *,Austria,6
Ondrej Duda *,Slovakia,6
Michal Ďuriš *,Slovakia,6
Artem Dzyuba *,Russia,6
Dieter Eilts,Germany,6
Preben Elkjær Larsen,Denmark,6
 Etxeberria,Spain,6
Gelson Fernandes,Switzerland,6
 Ferran Torres *,Spain,6
Alessandro Florenzi *,Italy,6
Panagiotis Fyssas,Greece,6
Constantin Gâlcă,Romania,6
Theofanis Gekas,Greece,6
Emanuele Giaccherini,Italy,6
Stylianos Giannakopoulos,Greece,6
André-Pierre Gignac *,France,6
Koloman Gögh,CSSR,6
Aleksandr Golovin *,Russia,6
Andy Goram,Scotland,6
Andreas Granqvist,Sweden,6
Kamil Grosicki *,Poland,6
Jesper Grønkjær,Denmark,6
Dietmar Hamann,Germany,6
Jonas Hector,Germany,6
Jan Heintze,Denmark,6
 Hierro,Spain,6
Michal Horňák,Czech Republic,6
Benedikt Höwedes,Germany,6
Pierre-Emile Højbjerg *,Denmark,6
Adrian Ilie,Romania,6
Mark Iuliano,Italy,6
Mathias Jensen *,Denmark,6
 Jorge Andrade,Portugal,6
Ladislav Jurkemik,CSSR,6
Oliver Kahn,Germany,6
Mihalis Kapsis,Greece,6
Martin Keown,England,6
Tugay Kerimoğlu,Turkey,6
Yevhen Khacheridi,Ukraine,6
Yevgen Konoplyanka,Ukraine,6
Andreas Köpke,Germany,6
Petr Kouba,Czech Republic,6
Niko Kovač,Croatia,6
Robert Kovač,Croatia,6
Mateo Kovačić *,Croatia,6
Niko Kranjčar,Croatia,6
Kevin Kurányi,Germany,6
Dirk Kuyt,Netherlands,6
Bernard Lama,France,6
Aymeric Laporte *,Spain,6
Joe Ledley,Wales,6
Jens Lehmann,Germany,6
Søren Lerby,Denmark,6
Gary Lineker,England,6
Pierre Littbarski,Germany,6
Shane Long,Ireland,6
Robert Mak *,Slovakia,6
Claude Makélélé,France,6
Mario Mandžukić,Croatia,6
 Maniche,Portugal,6
Claudio Marchisio,Italy,6
Marián Masný,CSSR,6
Joakim Mæhle *,Denmark,6
Gary McAllister,Scotland,6
Stuart McCall,Scotland,6
Aiden McGeady *,Ireland,6
Steve McManaman,England,6
Admir Mehmedi,Switzerland,6
Per Mertesacker,Germany,6
Christoph Metzelder,Germany,6
 Miguel,Portugal,6
 Miguel Veloso *,Portugal,6
 Mikel Oyarzabal *,Spain,6
Viorel Moldovan,Romania,6
Patrick Müller,Switzerland,6
Adrian Mutu,Romania,6
Ádám Nagy *,Hungary,6
Samir Nasri,France,6
Zdeněk Nehoda,CSSR,6
John O'Shea,Ireland,6
Ivica Olić,Croatia,6
Martin Olsson *,Sweden,6
Anton Ondruš,CSSR,6
Antonín Panenka,CSSR,6
 Pau Torres *,Spain,6
 Pauleta,Portugal,6
 Paulo Ferreira,Portugal,6
 Paulo Sousa,Portugal,6
 Pedri *,Spain,6
Simone Perrotta,Italy,6
Dan Petrescu,Romania,6
Stipe Pletikosa,Croatia,6
Gheorghe Popescu,Romania,6
Danijel Pranjić,Croatia,6
Andriy Pyatov,Ukraine,6
Dennis Rommedahl,Denmark,6
David Rozehnal,Czech Republic,6
 Santillana,Spain,6
Kasper Schmeichel *,Denmark,6
Mehmet Scholl,Germany,6
Igor Semshov,Russia,6
Luke Shaw *,England,6
 Simão,Portugal,6
Josip Šimunić,Croatia,6
Gareth Southgate,England,6
Bogdan Stelea,Romania,6
Ivan Strinić,Croatia,6
Jens Stryger Larsen *,Denmark,6
Neil Taylor,Wales,6
 Thiago *,Spain,6
Francesco Toldo,Italy,6
Vasilios Torosidis,Greece,6
Francesco Totti,Italy,6
Ozan Tufan *,Turkey,6
Arda Turan,Turkey,6
 Unai Simón *,Spain,6
Erwin Vandenbergh,Belgium,6
Jannik Vestergaard *,Denmark,6
Stephen Ward,Ireland,6
Marcin Wasilewski,Poland,6
Vladimír Weiss *,Slovakia,6
Ashley Williams,Wales,6
Hakan Yakin,Switzerland,6
Burak Yılmaz,Turkey,6
Theodoros Zagorakis,Greece,6
Boudewijn Zenden,Netherlands,6
Manuel Akanji *,Switzerland,5
Hamit Altintop,Turkey,5
Manuel Amoros,France,5
Daniel Andersson,Sweden,5
Kennet Andersson,Sweden,5
Patrik Andersson,Sweden,5
Darren Anderton,England,5
 André Gomes *,Portugal,5
Kári Árnason,Iceland,5
 Azpilicueta *,Spain,5
Holger Badstuber,Germany,5
Nick Barmby,England,5
Joël Bats,France,5
Patrick Battiston,France,5
Vasiliy Berezutskiy,Russia,5
Federico Bernardeschi *,Italy,5
Diniyar Bilyaletdinov,Russia,5
Birkir Bjarnason *,Iceland,5
Fredi Bobic,Germany,5
Marco Bode,Germany,5
Jón Böðvarsson *,Iceland,5
Maxime Bossis,France,5
Georgiy Bushchan *,Ukraine,5
Søren Busk,Denmark,5
Yohan Cabaye,France,5
Hakan Çalhanoğlu *,Turkey,5
 Capdevila,Spain,5
 Carrasco,Spain,5
Ondřej Čelůstka *,Czech Republic,5
Stéphane Chapuisat,Switzerland,5
Kim Christofte,Denmark,5
Vladimír Coufal *,Czech Republic,5
Mikkel Damsgaard *,Denmark,5
 Dani Olmo *,Spain,5
Rinat Dasaev,USSR,5
Bernard Dietz,Germany,5
Jean-François Domergue,France,5
Julian Draxler *,Germany,5
Dariusz Dudka,Poland,5
Gordon Durie,Scotland,5
Dragan Džajić,Yugoslavia,5
Stefan Effenberg,Germany,5
Johan Elmander,Sweden,5
Nico Elvedi *,Switzerland,5
Abdullah Ercan,Turkey,5
 Fábio Coentrão,Portugal,5
Iulian Filipescu,Romania,5
Bernd Förster,Germany,5
Remo Freuler *,Switzerland,5
Paul Gascoigne,England,5
Mario Gavranović *,Switzerland,5
Theodor Gebre Selassie,Czech Republic,5
 Gerard Moreno *,Spain,5
Alain Giresse,France,5
Mario Götze *,Germany,5
Thomas Gravesen,Denmark,5
Jack Grealish *,England,5
Jóhann Guðmundsson *,Iceland,5
Vincent Guérin,France,5
Aron Gunnarsson *,Iceland,5
Hannes Halldórsson,Iceland,5
Martin Harnik *,Austria,5
Stéphane Henchoz,Switzerland,5
Wayne Hennessey *,Wales,5
Thomas Hitzlsperger,Germany,5
Tomáš Holeš *,Czech Republic,5
Tomáš Hubočan *,Slovakia,5
Tomáš Hübschman *,Czech Republic,5
Bodo Illgner,Germany,5
Stefan Ilsanker,Austria,5
Jakub Jankto *,Czech Republic,5
Marcell Jansen,Germany,5
Artur Jędrzejczyk *,Poland,5
 João Pereira,Portugal,5
Tomasz Jodłowiec *,Poland,5
 Jorge Costa,Portugal,5
Martin Jørgensen,Denmark,5
 Julio Alberto,Spain,5
Michal Kadlec *,Czech Republic,5
Miroslav Kadlec,Czech Republic,5
Tomáš Kalas *,Czech Republic,5
Andrey Kanchelskis,RussiaCIS,5
Oleksandr Karavayev *,Ukraine,5
Christian Karembeu,France,5
Colin Kâzım-Richards,Turkey,5
Robbie Keane,Ireland,5
Vagiz Khidiyatullin,USSR,5
László Kleinheisler *,Hungary,5
Igor Kolyvanov,RussiaCIS,5
Tayfun Korkut,Turkey,5
Ruud Krol,Netherlands,5
Stefan Kuntz,Germany,5
Radoslav Látal,Czech Republic,5
David Limberský,Czech Republic,5
Manuel Locatelli *,Italy,5
Patrice Loko,France,5
Gergő Lovrencsics *,Hungary,5
Ioan Lupescu,Romania,5
Harry Maguire *,England,5
Roy Makaay,Netherlands,5
Vyacheslav Malafeev,Russia,5
Florent Malouda,France,5
 Marcos Senna,Spain,5
Lukáš Masopust *,Czech Republic,5
Joris Mathijsen,Netherlands,5
Mykola Matvienko *,Ukraine,5
Kevin Mbabu *,Switzerland,5
James McClean *,Ireland,5
Ally McCoist,Scotland,5
Stewart McKimmie,Scotland,5
Arkadiusz Milik *,Poland,5
James Milner *,England,5
Mason Mount *,England,5
Arnold Mühren,Netherlands,5
Rafał Murawski,Poland,5
Radja Nainggolan *,Belgium,5
Phil Neville,England,5
Roland Nilsson,Sweden,5
Jens Nowotny,Germany,5
Christian Nørgaard *,Denmark,5
 Nuno Valente,Portugal,5
Viktor Onopko,RussiaCIS,5
 Pablo Sarabia *,Spain,5
Michał Pazdan,Poland,5
 Pedro *,Spain,5
Gianluca Pessotto,Italy,5
 Petit,Portugal,5
Michel Platini,France,5
Yussuf Poulsen *,Denmark,5
Oleg Protasov,USSR,5
Karel Rada,Czech Republic,5
Vladislav Radimov,Russia,5
Răzvan Raţ,Romania,5
Vasiliy Rats,USSR,5
Karl-Heinz Riedle,Germany,5
Hal Robson-Kanu,Wales,5
 Rodri *,Spain,5
Wolfgang Rolff,Germany,5
Willy Sagnol,France,5
Dimitrios Salpingidis,Greece,5
Georgios Samaras,Greece,5
Ebbe Sand,Denmark,5
Leroy Sané *,Germany,5
Kenny Sansom,England,5
Birkir Sævarsson,Iceland,5
Patrik Schick *,Czech Republic,5
Gordon Schildenfeld,Croatia,5
Michael Schjønberg,Denmark,5
Alessandro Schöpf *,Austria,5
Piet Schrijvers,Netherlands,5
André Schürrle,Germany,5
Sergey Semak,Russia,5
 Señor,Spain,5
Semih Şentürk,Turkey,5
 Sergi Barjuán,Spain,5
 Sérgio Conceição,Portugal,5
Petr Ševčík *,Czech Republic,5
Mykola Shaparenko *,Ukraine,5
Teddy Sheringham,England,5
Gylfi Sigurðsson *,Iceland,5
Ragnar Sigurðsson,Iceland,5
Kolbeinn Sigþórsson,Iceland,5
Dario Šimić,Croatia,5
Milan Škriniar *,Slovakia,5
Ari Skúlason *,Iceland,5
Tomáš Souček *,Czech Republic,5
Brian Steen Nielsen,Denmark,5
Taras Stepanenko *,Ukraine,5
Thomas Strunz,Germany,5
Jan Suchopárek,Czech Republic,5
Dmitriy Sychev,Russia,5
Wojciech Szczęsny *,Poland,5
Jean Tigana,France,5
Kieran Trippier *,England,5
Tomáš Vaclík *,Czech Republic,5
Willy van de Kerkhof,Netherlands,5
Gerald Vanenburg,Netherlands,5
Marco Verratti *,Italy,5
Johann Vogel,Switzerland,5
Johan Vonlanthen,Switzerland,5
Zisis Vryzas,Greece,5
Ognjen Vukojević,Croatia,5
Jon Walters,Ireland,5
Danny Ward *,Wales,5
Daniel Wass *,Denmark,5
Glenn Whelan,Ireland,5
Sergen Yalçin,Turkey,5
Roman Yaremchuk *,Ukraine,5
Ilya Zabarnyi *,Ukraine,5
Aleksandr Zavarov,USSR,5
Jovan Aćimović,Yugoslavia,4
 Adrien Silva *,Portugal,4
Fatih Akyel,Turkey,4
Flórián Albert,Hungary,4
Niclas Alexandersson,Sweden,4
 Alkorta,Spain,4
Marcus Allbäck,Sweden,4
Dele Alli *,England,4
 Álvaro,Portugal,4
Carlo Ancelotti,Italy,4
Henrik Andersen,Denmark,4
Jocelyn Angloma,France,4
 António Sousa,Portugal,4
Frank Arnesen,Denmark,4
Aljoša Asanović,Croatia,4
Emre Aşık,Turkey,4
Ludwig Augustinsson *,Sweden,4
Daniel Bachmann *,Austria,4
Milan Badelj *,Croatia,4
Federico Balzaretti,Italy,4
Anatoliy Banishevskiy,USSR,4
Franco Baresi,Italy,4
Jozef Barmoš,CSSR,4
Julian Baumgartlinger,Austria,4
Christoph Baumgartner *,Austria,4
Mikkel Beck,Denmark,4
Franz Beckenbauer,Germany,4
Igor Belanov,USSR,4
Miodrag Belodedici,Romania,4
Romeo Benetti,Italy,4
 Bento,Portugal,4
Aleksey Berezutskiy,Russia,4
Giuseppe Bergomi,Italy,4
 Bernardo Silva *,Portugal,4
Jens Bertelsen,Denmark,4
Roberto Bettega,Italy,4
Oliver Bierhoff,Germany,4
Slaven Bilić,Croatia,4
Daley Blind *,Netherlands,4
Zvonimir Boban,Croatia,4
Winston Bogarde,Netherlands,4
René Bolf,Czech Republic,4
Jan Bořil *,Czech Republic,4
Daniel Borimirov,Bulgaria,4
Uli Borowka,Germany,4
Paul Bosvelt,Netherlands,4
Khalid Boulahrouz,Netherlands,4
Tommy Boyd,Scotland,4
Robbie Brady *,Ireland,4
Tomas Brolin,Sweden,4
 Bruno Fernandes *,Portugal,4
Okan Buruk,Turkey,4
Ricardo Cabanas,Switzerland,4
Gary Cahill,England,4
Emre Can *,Germany,4
Craig Cathcart,Northern Ireland,4
Franco Causio,Italy,4
 Cédric *,Portugal,4
 Chalana,Portugal,4
Victor Claesson *,Sweden,4
Séamus Coleman *,Ireland,4
Fulvio Collovati,Italy,4
Julien Cools,Belgium,4
Andreas Cornelius *,Denmark,4
Jordi Cruyff,Netherlands,4
Martin Dahlin,Sweden,4
Stuart Dallas *,Northern Ireland,4
Marcus Danielson *,Sweden,4
Matteo Darmian *,Italy,4
 David Villa,Spain,4
Steven Davis,Northern Ireland,4
Luigi de Agostini,Italy,4
 De Gea,Spain,4
Frenkie de Jong *,Netherlands,4
Johan de Kock,Netherlands,4
Fernando De Napoli,Italy,4
Mattia De Sciglio *,Italy,4
Stefan de Vrij *,Netherlands,4
Mathieu Debuchy,France,4
Anatoliy Demyanenko,USSR,4
Memphis Depay *,Netherlands,4
Eren Derdiyok,Switzerland,4
Luigi Di Biagio,Italy,4
Angelo Di Livio,Italy,4
Eric Dier *,England,4
 Diogo Jota *,Portugal,4
Johan Djourou,Switzerland,4
Igor Dobrovolskiy,RussiaCIS,4
Kasper Dolberg *,Denmark,4
Thomas Doll,Germany,4
Ljubinko Drulović,Yugoslavia,4
Denzel Dumfries *,Netherlands,4
Ján Ďurica,Slovakia,4
Blerim Džemaili,Switzerland,4
Balázs Dzsudzsák *,Hungary,4
Miroslav Đukić,Yugoslavia,4
 Éder *,Italy,4
 Emerson *,Italy,4
Orlando Engelaar,Netherlands,4
Christian Eriksen *,Denmark,4
Jan Eriksson,Sweden,4
 Eurico,Portugal,4
Jonny Evans *,Northern Ireland,4
Łukasz Fabiański *,Poland,4
Riccardo Ferri,Italy,4
Attila Fiola *,Hungary,4
 Frasco,Portugal,4
Steffen Freund,Germany,4
Clemens Fritz,Germany,4
Christian Fuchs,Austria,4
Kevin Gallacher,Scotland,4
Gennaro Gattuso,Italy,4
Claudio Gentile,Italy,4
Zoltán Gera,Hungary,4
Eric Gerets,Belgium,4
Giuseppe Giannini,Italy,4
Matthias Ginter *,Germany,4
Denis Glushakov *,Russia,4
Serge Gnabry *,Germany,4
Robin Gosens *,Germany,4
Sergey Gotsmanov,USSR,4
Francesco Graziani,Italy,4
Fabio Grosso,Italy,4
 Güiza,Spain,4
Richárd Guzmics,Hungary,4
Joško Gvardiol *,Croatia,4
Daniel Gygax,Switzerland,4
Kai Havertz *,Germany,4
Thorgan Hazard *,Belgium,4
Marek Heinz,Czech Republic,4
 Hélder,Portugal,4
Jeff Hendrick *,Ireland,4
Matthias Herget,Germany,4
Adam Hložek *,Czech Republic,4
Glenn Hoddle,England,4
Uli Hoeneß,Germany,4
Wes Hoolahan,Ireland,4
Patrik Hrošovský *,Slovakia,4
Roman Hubník,Czech Republic,4
 Hugo Almeida,Portugal,4
Klaas-Jan Huntelaar,Netherlands,4
Eike Immel,Germany,4
Klas Ingesson,Sweden,4
Filippo Inzaghi,Italy,4
Alexander Isak *,Sweden,4
Yuriy Istomin,USSR,4
Valentin Ivanov,USSR,4
Marat Izmailov,Russia,4
Andreas Jakobsson,Sweden,4
Dan James *,Wales,4
David James,England,4
Robert Jarni,Croatia,4
Petr Jiráček,Czech Republic,4
Martin Jiránek,Czech Republic,4
 João Pinto,Portugal,4
Glen Johnson,England,4
 Jordão,Portugal,4
 José Fonte *,Portugal,4
 Juanfran,Spain,4
Vladimir Jugović,Yugoslavia,4
Pavel Kadeřábek *,Czech Republic,4
Nihat Kahveci,Turkey,4
Saša Kalajdžić *,Austria,4
Manfred Kaltz,Germany,4
Vladimir Kaplichniy,USSR,4
Bartosz Kapustka *,Poland,4
Aleksandr Kerzhakov,Russia,4
Dmitriy Kharin,RussiaCIS,4
Wim Kieft,Netherlands,4
Presnel Kimpembe *,France,4
Gábor Király,Hungary,4
Kees Kist,Netherlands,4
Erwin Koeman,Netherlands,4
Aleksandr Kokorin *,Russia,4
Denis Kolodin,Russia,4
Matúš Kozáčik,Slovakia,4
Ján Kozák,CSSR,4
Emil Krafth *,Sweden,4
Alex Král *,Czech Republic,4
Ivica Kralj,Yugoslavia,4
Michael Krmenčík *,Czech Republic,4
Bernard Lacombe,France,4
Konrad Laimer *,Austria,4
Stefan Lainer *,Austria,4
Frank Lampard,England,4
Ádám Lang *,Hungary,4
Martin Laursen,Denmark,4
Joleon Lescott,England,4
 Lima Pereira,Portugal,4
Anders Limpar,Sweden,4
Gennadiy Litovchenko,USSR,4
Dominik Livaković *,Croatia,4
Vratislav Lokvenc,Czech Republic,4
 Maceda,Spain,4
Krzysztof Mączyński,Poland,4
Ludovic Magnin,Switzerland,4
Sepp Maier,Germany,4
Donyell Malen *,Netherlands,4
Ruslan Malinovskiy *,Ukraine,4
Roberto Mancini,Italy,4
Ioannis Maniatis,Greece,4
 Marcos Llorente *,Spain,4
Kylian Mbappé *,France,4
Gareth McAuley,Northern Ireland,4
James McCarthy *,Ireland,4
Michael McGovern *,Northern Ireland,4
Walter Meeuws,Belgium,4
 Mehmet Aurélio,Turkey,4
 Mendieta,Spain,4
 Míchel Salgado,Spain,4
Predrag Mijatović,Yugoslavia,4
Savo Milošević,Yugoslavia,4
Raymond Mommens,Belgium,4
Riccardo Montolivo,Italy,4
Kieffer Moore *,Wales,4
Joe Morrell *,Wales,4
Aleksandr Mostovoy,Russia,4
Hansi Müller,Germany,4
Vitaliy Mykolenko *,Ukraine,4
 Nélson Oliveira *,Portugal,4
Václav Němeček,Czech Republic,4
Kent Nielsen,Denmark,4
Demis Nikolaidis,Greece,4
Nemanja Nikolić,Hungary,4
 Nolito,Spain,4
Oliver Norwood *,Northern Ireland,4
Robin Olsen *,Sweden,4
Kristoffer Olsson *,Sweden,4
Kyriakos Papadopoulos *,Greece,4
Scott Parker,England,4
Marco Parolo,Italy,4
 Paulo Bento,Portugal,4
Tomáš Pekhart *,Czech Republic,4
Graziano Pellè,Italy,4
 Pep Guardiola,Spain,4
Matteo Pessina *,Italy,4
Bruno Petković *,Croatia,4
Florentin Petre,Romania,4
Mladen Petrić,Croatia,4
Torben Piechnik,Denmark,4
Václav Pilař *,Czech Republic,4
Viktor Ponedelnik,USSR,4
Christian Poulsen,Denmark,4
Sebastian Prödl,Austria,4
Robin Quaison *,Sweden,4
Ole Qvist,Denmark,4
Adrien Rabiot *,France,4
Darren Randolph *,Ireland,4
Thomas Ravelli,Sweden,4
Ante Rebić *,Croatia,4
Michel Renquin,Belgium,4
Connor Roberts *,Wales,4
Joe Rodon *,Wales,4
Markus Rosenberg,Sweden,4
Bryan Roy,Netherlands,4
 Rúben Dias *,Portugal,4
Antonio Rüdiger *,Germany,4
Ivan Saenko,Russia,4
Bukayo Saka *,England,4
Tuncay Şanlı,Turkey,4
Sabri Sarıoğlu,Turkey,4
Xaver Schlager *,Austria,4
Georg Schwarzenbeck,Germany,4
Gaetano Scirea,Italy,4
Albert Shesternev,USSR,4
Mikaël Silvestre,France,4
Martin Škrtel,Slovakia,4
Chris Smalling *,England,4
Thomas Sørensen,Denmark,4
Leonardo Spinazzola *,Italy,4
Trevor Steven,England,4
Danijel Subašić,Croatia,4
Davor Šuker,Croatia,4
Marco Tardelli,Italy,4
Jonas Thern,Sweden,4
Olaf Thon,Germany,4
Youri Tielemans *,Belgium,4
Rafael Tolói *,Italy,4
Luca Toni,Italy,4
Stig Tøfting,Denmark,4
Vassilios Tsiartas,Greece,4
Viktor Tsygankov *,Ukraine,4
Anatoliy Tymoshchuk,Ukraine,4
 Urquiaga,Spain,4
 Urzáiz,Spain,4
 Valerón,Spain,4
Patrick van Aanholt *,Netherlands,4
René van de Kerkhof,Netherlands,4
François van der Elst,Belgium,4
Andy van der Meyde,Netherlands,4
Wilfried Van Moer,Belgium,4
Raphaël Varane *,France,4
Ruben Vargas *,Switzerland,4
Darius Vassell,England,4
Gianluca Vialli,Italy,4
 Vidigal,Portugal,4
Ladislav Vízek,CSSR,4
Goran Vlaović,Croatia,4
Nikola Vlašić *,Croatia,4
Sam Vokes *,Wales,4
Šime Vrsaljko,Croatia,4
Theo Walcott,England,4
Jamie Ward,Northern Ireland,4
Conor Washington *,Northern Ireland,4
Neil Webb,England,4
Wout Weghorst *,Netherlands,4
Danny Welbeck *,England,4
Raphaël Wicky,Switzerland,4
Silvan Widmer *,Switzerland,4
Georginio Wijnaldum *,Netherlands,4
Jonny Williams *,Wales,4
Herbert Wimmer,Germany,4
Richard Witschge,Netherlands,4
Rob Witschge,Netherlands,4
Chris Woods,England,4
Lev Yashin,USSR,4
Ashley Young *,England,4
Walter Zenga,Italy,4
Piotr Zieliński *,Poland,4
Steven Zuber *,Switzerland,4
Ignazio Abate,Italy,3
Amir Abrashi *,Albania,3
Francesco Acerbi *,Italy,3
Milenko Ačimovič,Slovenia,3
Ché Adams *,Scotland,3
Arijan Ademi *,North Macedonia,3
 Aduriz,Spain,3
Daniel Agger,Denmark,3
Ansi Agolli,Albania,3
 Albelda,Spain,3
John Aldridge,Ireland,3
Dmitriy Alenichev,Russia,3
 Alexanko,Spain,3
Ezgjan Alioski *,North Macedonia,3
Robert Almer,Austria,3
Ioannis Amanatidis,Greece,3
 Amavisca,Spain,3
Guillermo Amor,Spain,3
Ethan Ampadu *,Wales,3
Joachim Andersen *,Denmark,3
Stephan Andersen,Denmark,3
Florin Andone *,Romania,3
 André Silva *,Portugal,3
Keith Andrews,Ireland,3
 Andrinúa,Spain,3
Giancarlo Antognoni,Italy,3
Paulus Arajuuri *,Finland,3
 Aranzábal,Spain,3
Stuart Armstrong *,Scotland,3
Vitālijs Astafjevs,Latvia,3
René Aufhauser,Austria,3
Kaan Ayhan *,Turkey,3
Volkan Babacan *,Turkey,3
 Bakero,Spain,3
Eirik Bakke,Norway,3
Krasimir Balakov,Bulgaria,3
Antonín Barák *,Czech Republic,3
Enis Bardhi *,North Macedonia,3
Giuseppe Baresi,Italy,3
John Barnes,England,3
Tranquillo Barnetta,Switzerland,3
Michy Batshuayi *,Belgium,3
Mehmed Baždarević,Yugoslavia,3
Jan Bednarek *,Poland,3
Jude Bellingham *,England,3
Bruno Bellone,France,3
Lars Bender,Germany,3
Nicklas Bendtner,Denmark,3
Ferenc Bene,Hungary,3
Pierre Bengtsson,Sweden,3
Christian Benteke *,Belgium,3
Dimitar Berbatov,Bulgaria,3
Bartosz Bereszyński *,Poland,3
Erik Berg,Sweden,3
André Bergdølmo,Norway,3
Etrit Berisha *,Albania,3
Artem Besedin *,Ukraine,3
Vladimir Bezsonov,USSR,3
Manfred Binz,Germany,3
Theodór Elmar Bjarnason,Iceland,3
Oļegs Blagonadeždins,Latvia,3
Imants Bleidelis,Latvia,3
Danny Blind,Netherlands,3
Sebastian Boenisch,Poland,3
Basile Boli,France,3
László Bölöni,Romania,3
Pat Bonner,Ireland,3
Artur Boruc,Poland,3
 Bosingwa,Portugal,3
Endre Botka *,Hungary,3
Bjørn Otto Bragstad,Norway,3
Josip Brekalo *,Croatia,3
David Brooks *,Wales,3
Dmitriy Bulykin,Russia,3
Tarcisio Burgnich,Italy,3
Craig Burley,Scotland,3
Tomislav Butina,Croatia,3
 Butragueño,Spain,3
Vladimir Bystrov,Russia,3
Uğurcan Çakır *,Turkey,3
Colin Calderwood,Scotland,3
Rodion Cămătaru,Romania,3
 Caminero,Spain,3
 Cañizares,Spain,3
Éric Cantona,France,3
 Capucho,Portugal,3
John Carew,Norway,3
 Carlos Manuel,Portugal,3
Andy Carroll *,England,3
Pierluigi Casiraghi,Italy,3
Bernard Casoni,France,3
Aleš Čeh,Slovenia,3
Zeki Çelik *,Turkey,3
Servet Çetin,Turkey,3
Andrey Chernyshov,CIS,3
Vlad Chiricheş *,Romania,3
José Cholevas,Greece,3
Nico Claesen,Belgium,3
Gaël Clichy,France,3
Răzvan Cociş,Romania,3
Paul Codrea,Romania,3
Søren Colding,Denmark,3
John Collins,Scotland,3
Antonio Conte,Italy,3
Marcel Coraş,Romania,3
Alessandro Costacurta,Italy,3
Grégory Coupet,France,3
Simon Cox,Ireland,3
Bernd Cullmann,Germany,3
 Custódio,Portugal,3
Mladen Dabanovič,Slovenia,3
Olivier Dacourt,France,3
Milan Damjanović,Yugoslavia,3
Walter De Greef,Belgium,3
Matthijs de Ligt *,Netherlands,3
Marten de Roon *,Netherlands,3
Filip De Wilde,Belgium,3
Michel De Wolf,Belgium,3
Eric Deflandre,Belgium,3
Sebastian Deisler,Germany,3
Marco Delvecchio,Italy,3
Merih Demiral *,Turkey,3
Volkan Demirel,Turkey,3
Jason Denayer *,Belgium,3
Leander Dendoncker *,Belgium,3
Igor Denisov,Russia,3
Marko Dević,Ukraine,3
Alessandro Diamanti,Italy,3
 Diamantino,Portugal,3
Alou Diarra,France,3
Nicolae Dică,Romania,3
Stole Dimitrievski *,North Macedonia,3
Igor Diveev *,Russia,3
Angelo Domenghini,Italy,3
 Domingos Paciência,Portugal,3
Martin Dúbravka *,Slovakia,3
Damien Duff,Ireland,3
Richard Dunne,Ireland,3
Lyndon Dykes *,Scotland,3
Alan Dzagoev,Russia,3
Georgi Dzhikiya *,Russia,3
 Éder,Portugal,3
Erik Edman,Sweden,3
 Eduardo,Croatia,3
David Edwards,Wales,3
Dan Eggen,Norway,3
Johnny Ekström,Sweden,3
Eljif Elmas *,North Macedonia,3
 Eric García *,Spain,3
Corry Evans *,Northern Ireland,3
Vadim Evseev,Russia,3
 Fabián Ruiz *,Spain,3
Giacinto Facchetti,Italy,3
Mirsad Fazlagić,Yugoslavia,3
Artem Fedetskiy,Ukraine,3
Marouane Fellaini,Belgium,3
 Fernando Gomes,Portugal,3
 Fernando Meira,Portugal,3
Alfreð Finnbogason *,Iceland,3
Tore André Flo,Norway,3
Phil Foden *,England,3
 Folha,Portugal,3
Przemysław Frankowski *,Poland,3
Alexander Frei,Switzerland,3
Diego Fuser,Italy,3
Miroslav Gajdůšek,CSSR,3
Maik Galakos,Greece,3
Marinko Galič,Slovenia,3
Tony Galvin,Ireland,3
Ionel Ganea,Romania,3
Shay Given,Ireland,3
 Goikoetxea,Spain,3
Gökhan Gönül,Turkey,3
Bart Goor,Belgium,3
Leon Goretzka *,Germany,3
Richard Gough,Scotland,3
Dejan Govedarica,Yugoslavia,3
Michael Gregoritsch *,Austria,3
Dragoş Grigore *,Romania,3
Florian Grillitsch *,Austria,3
Georges Grün,Belgium,3
Ivan Gudelj,Yugoslavia,3
John Guidetti *,Sweden,3
Péter Gulácsi *,Hungary,3
İlkay Gündoğan *,Germany,3
Oleg Gusev,Ukraine,3
Arie Haan,Netherlands,3
Grant Hanley *,Scotland,3
Petter Hansson,Sweden,3
Lukáš Haraslín *,Slovakia,3
Owen Hargreaves,England,3
Mark Hateley,England,3
Tayfur Havutçu,Turkey,3
Magnus Hedman,Sweden,3
Colin Hendry,Scotland,3
Emile Heskey,England,3
Ovidiu Hoban,Romania,3
Dragan Holcer,Yugoslavia,3
Ray Houghton,Ireland,3
Hugo Hovenkamp,Netherlands,3
Jes Høgh,Denmark,3
Lukáš Hrádecký *,Finland,3
Marian Hristov,Bulgaria,3
Horst Hrubesch,Germany,3
Benjamin Huggel,Switzerland,3
Aaron Hughes,Northern Ireland,3
Chris Hughton,Ireland,3
Elseid Hysaj *,Albania,3
Selçuk İnan,Turkey,3
Vedat İnceefe,Turkey,3
Gökhan Inler *,Switzerland,3
Ivailo Iordanov,Bulgaria,3
Aleksandrs Isakovs,Latvia,3
Trifon Ivanov,Bulgaria,3
Andreas Ivanschitz,Austria,3
Luka Ivanušec *,Croatia,3
Steffen Iversen,Norway,3
Lars Jacobsen,Denmark,3
 Jaime Pacheco,Portugal,3
Zoran Janković,Bulgaria,3
David Jarolím,Czech Republic,3
Nikica Jelavić,Croatia,3
Claus Jensen,Denmark,3
Daniel Jensen,Denmark,3
Niclas Jensen,Denmark,3
Jens Jeremies,Germany,3
Nikola Jerkan,Croatia,3
 Jesús Navas *,Spain,3
 Jesús Zamora,Spain,3
Slaviša Jokanović,Yugoslavia,3
Mattias Jonson,Sweden,3
Kamil Jóźwiak *,Poland,3
 Juanito,Spain,3
Roland Juhász,Hungary,3
 Julio Salinas,Spain,3
Nikola Jurčević,Croatia,3
Tamás Kádár *,Hungary,3
İrfan Kahveci *,Turkey,3
Nikola Kalinić *,Croatia,3
Glen Kamara *,Finland,3
Gökdeniz Karadeniz,Turkey,3
Kenan Karaman *,Turkey,3
Vyacheslav Karavaev *,Russia,3
Amir Karič,Slovenia,3
Valeriy Karpin,Russia,3
Andrey Karyaka,Russia,3
Srečko Katanec,Yugoslavia,3
Joni Kauko *,Finland,3
Suat Kaya,Turkey,3
Kevin Keegan,England,3
Roman Kienast,Austria,3
 Kiko,Spain,3
Andy King *,Wales,3
Sergey Kiryakov,RussiaCIS,3
Florian Klein,Austria,3
Michael Klein,Romania,3
Mateusz Klich *,Poland,3
Dario Knežević,Croatia,3
Daniel Kolář,Czech Republic,3
Aleksandrs Koļinko,Latvia,3
Slobodan Komljenović,Yugoslavia,3
Ümit Korkmaz,Austria,3
Giorgios Kostikos,Greece,3
Dinos Kouis,Greece,3
Viktor Kovalenko *,Ukraine,3
Ladislav Krejčí *,Czech Republic,3
Michael Krohn-Dehli,Denmark,3
Jacek Krzynówek,Poland,3
Luboš Kubík,Czech Republic,3
Dmitriy Kuznetsov,CIS,3
Daler Kuzyaev *,Russia,3
William Kvist,Denmark,3
Sotirios Kyrgiakos,Greece,3
Dražen Ladić,Croatia,3
David Lafata,Czech Republic,3
Kyle Lafferty,Northern Ireland,3
Juris Laizāns,Latvia,3
Adam Lallana *,England,3
Zdravko Lazarov,Bulgaria,3
Yvon Le Roux,France,3
Jerko Leko,Croatia,3
Ermir Lenjani *,Albania,3
Yordan Letchkov,Bulgaria,3
Mariusz Lewandowski,Poland,3
Tobias Linderoth,Sweden,3
Spyros Livathinos,Greece,3
Valentins Lobaņovs,Latvia,3
Bogdan Lobonţ,Romania,3
Robin Lod *,Finland,3
 López,Spain,3
Teddy Lučić,Sweden,3
Wojciech Łobodziński,Poland,3
Yann M'Vila *,France,3
Jürgen Macho,Austria,3
Josh Magennis *,Northern Ireland,3
Christian Maggio,Italy,3
Pavel Mamaev,Russia,3
 Manjarín,Spain,3
 Manu Sarabia,Spain,3
 Mário Fernandes *,Russia,3
David Marshall *,Scotland,3
Anthony Martial *,France,3
 Martín Vázquez,Spain,3
Bruno Martini,France,3
Mërgim Mavraj,Albania,3
Thomas Mavros,Greece,3
Mick McCarthy,Ireland,3
Brian McClair,Scotland,3
John McGinn *,Scotland,3
Niall McGinn *,Northern Ireland,3
Callum McGregor *,Scotland,3
Dave McPherson,Scotland,3
Paul McStay,Scotland,3
Scott McTominay *,Scotland,3
Jérémy Ménez *,France,3
Chris Mepham *,Wales,3
Philippe Mexès,France,3
 Míchel,Spain,3
Boris Mihailov,Bulgaria,3
Siniša Mihajlović,Yugoslavia,3
Tobias Mikkelsen,Denmark,3
Artem Milevskiy,Ukraine,3
Željko Milinovič,Slovenia,3
Frank Mill,Germany,3
Luc Millecamps,Belgium,3
Tyrone Mings *,England,3
Aleksey Miranchuk *,Russia,3
Johan Mjällby,Sweden,3
Mladen Mladenović,Croatia,3
Kevin Moran,Ireland,3
 Morientes,Spain,3
Ivica Mornar,Croatia,3
Chris Morris,Ireland,3
Émile Mpenza,Belgium,3
Maksim Mukhin *,Russia,3
Vahidin Musemić,Yugoslavia,3
Visar Musliu *,North Macedonia,3
Roberto Mussi,Italy,3
Thomas Myhre,Norway,3
Erik Mykland,Norway,3
Dick Nanninga,Netherlands,3
Sergiy Nazarenko,Ukraine,3
Tomáš Necid *,Czech Republic,3
Loïc Négo *,Hungary,3
 Nélson Semedo *,Portugal,3
Jaroslav Netolička,CSSR,3
Bănel Nicoliţă,Romania,3
Daniel Niculae,Romania,3
Allan Nielsen,Denmark,3
Boban Nikolov *,North Macedonia,3
Luc Nilis,Belgium,3
Sotiris Ninis *,Greece,3
Kevin Nisbet *,Scotland,3
Džoni Novak,Slovenia,3
Stephen O'Donnell *,Scotland,3
Daniel O'Shaughnessy *,Finland,3
Ludovic Obraniak,Poland,3
 Oceano,Portugal,3
André Ooijer,Netherlands,3
Willi Orbán *,Hungary,3
Gabriele Oriali,Italy,3
Milan Osterc,Slovenia,3
Alex Oxlade-Chamberlain *,England,3
Magomed Ozdoev *,Russia,3
Oğuzhan Özyakup *,Turkey,3
 Paco Jémez,Spain,3
Marians Pahars,Latvia,3
Carlton Palmer,England,3
Goran Pandev,North Macedonia,3
Ilija Pantelić,Yugoslavia,3
Sokratis Papastathopoulos *,Greece,3
Jean-Pierre Papin,France,3
Marco Pascolo,Switzerland,3
Blagoje Paunović,Yugoslavia,3
Benjamin Pavard *,France,3
Miran Pavlin,Slovenia,3
Miroslav Pavlović,Yugoslavia,3
Reynald Pedros,France,3
Ergün Penbe,Turkey,3
Luboslav Penev,Bulgaria,3
Christian Pérez,France,3
Damien Perquis,Poland,3
Angelo Peruzzi,Italy,3
Sławomir Peszko,Poland,3
Emmanuel Petit,France,3
Martin Petrov,Bulgaria,3
Ádám Pintér,Hungary,3
Marko Pjaca *,Croatia,3
Emanuel Pogatetz,Austria,3
Joel Pohjanpalo *,Finland,3
Jan Polák,Czech Republic,3
Eugen Polański,Poland,3
Simon Poulsen,Denmark,3
Andrejs Prohorenkovs,Latvia,3
Robert Prosinečki,Croatia,3
Dado Pršo,Croatia,3
Tymoteusz Puchacz *,Poland,3
Teemu Pukki *,Finland,3
Yvan Quentin,Switzerland,3
Florin Răducioiu,Romania,3
 Rafa Silva *,Portugal,3
Jukka Raitala *,Finland,3
Yaroslav Rakitskiy *,Ukraine,3
Milan Rapaić,Croatia,3
 Raúl Bravo,Spain,3
Mircea Rednic,Romania,3
Johnny Rep,Netherlands,3
Tomáš Řepka,Czech Republic,3
Jan Rezek,Czech Republic,3
Marc Rieper,Denmark,3
Paulo Rink,Germany,3
Stefan Ristovski *,North Macedonia,3
Andy Robertson *,Scotland,3
Bryan Robson,England,3
Alain Roche,France,3
 Roger,Poland,3
 Rolando,Portugal,3
Danny Rose,England,3
Odise Roshi *,Albania,3
Đovani Roso,Croatia,3
 Rubén Baraja,Spain,3
Andrejs Rubins,Latvia,3
Mladen Rudonja,Slovenia,3
 Rui Jorge,Portugal,3
Armando Sadiku *,Albania,3
Marek Saganowski,Poland,3
Roland Sallai *,Hungary,3
 Salva,Spain,3
Saffet Sancaklı,Turkey,3
 Sanchís,Spain,3
Jadon Sancho *,England,3
Cristian Săpunaru *,Romania,3
Ľubomír Šatka *,Slovakia,3
Jürgen Säumel,Austria,3
 Saura,Spain,3
Niša Saveljić,Yugoslavia,3
András Schäfer *,Hungary,3
Bernd Schneider,Germany,3
Rasmus Schüller *,Finland,3
Stefan Schwarz,Sweden,3
Enzo Scifo,Belgium,3
 Secretário,Portugal,3
Yevgen Selin *,Ukraine,3
Tibor Selymes,Romania,3
Philippe Senderos,Switzerland,3
Dmitriy Sennikov,Russia,3
Ciriaco Sforza,Switzerland,3
Kevin Sheedy,Ireland,3
Andriy Shevchenko,Ukraine,3
Peter Shilton,England,3
Michail Sifakis,Greece,3
Libor Sionko,Czech Republic,3
Didier Six,France,3
Ebi Smolarek,Poland,3
Igor Smolnikov,Russia,3
Fedor Smolov *,Russia,3
Tomo Šokota,Croatia,3
Zvonimir Soldo,Croatia,3
Ole Gunnar Solskjær,Norway,3
Çağlar Söyüncü *,Turkey,3
John Spencer,Scotland,3
Christoph Spycher,Switzerland,3
Pavel Srníček,Czech Republic,3
Sean St Ledger,Ireland,3
Lorenzo Staelens,Belgium,3
Bogdan Stancu,Romania,3
Mario Stanić,Croatia,3
Frank Stapleton,Ireland,3
Costică Ștefănescu,Romania,3
Igors Stepanovs,Latvia,3
Gary Stevens,England,3
Zoltán Stieber *,Hungary,3
Jörg Stiel,Switzerland,3
Igor Štimac,Croatia,3
Hristo Stoichkov,Bulgaria,3
Nenad Stojković,Yugoslavia,3
Steve Stone,England,3
Fredrik Stoor,Sweden,3
Martin Stranzl,Austria,3
Branko Strupar,Belgium,3
Stefano Sturaro *,Italy,3
Daniel Sturridge,England,3
Josef Šural,Czech Republic,3
Safet Sušić,Yugoslavia,3
Dušan Švento,Slovakia,3
Karol Świderski *,Poland,3
Attila Szalai *,Hungary,3
Gabriel Tamaş,Romania,3
Ciprian Tătăruşanu *,Romania,3
 Tavares,Portugal,3
Omari Tetradze,Russia,3
Phil Thompson,England,3
Claus Thomsen,Denmark,3
Jurriën Timber *,Netherlands,3
Joona Toivio *,Finland,3
Corentin Tolisso *,France,3
 Tomás,Spain,3
Dmitriy Torbinskiy,Russia,3
Gabriel Torje *,Romania,3
Jérémy Toulalan,France,3
Aleksandar Trajkovski *,North Macedonia,3
Ivan Tričkovski *,North Macedonia,3
Dobrivoje Trivić,Yugoslavia,3
Ilia Tsymbalar,Russia,3
Kubilay Türkyilmaz,Switzerland,3
Przemysław Tytoń *,Poland,3
Tzanko Tzvetanov,Bulgaria,3
Samuel Umtiti *,France,3
Cengiz Ünder *,Turkey,3
Nicolae Ungureanu,Romania,3
Jere Uronen *,Finland,3
Joos Valgaeren,Belgium,3
John van 't Schip,Netherlands,3
Michel van de Korput,Netherlands,3
Gregory van der Wiel,Netherlands,3
Nico Van Kerckhoven,Belgium,3
Yves Vanderhaeghe,Belgium,3
Jamie Vardy *,England,3
 Varela,Portugal,3
Ramon Vega,Switzerland,3
Darko Velkovski *,North Macedonia,3
Stylianos Venetidis,Greece,3
Frank Vercauteren,Belgium,3
Gert Verheyen,Belgium,3
René Verheyen,Belgium,3
Māris Verpakovskis,Latvia,3
 Vicente,Spain,3
 Vieirinha *,Portugal,3
Christian Vieri,Italy,3
Stanislav Vlček,Czech Republic,3
Zlatko Vujović,Yugoslavia,3
Matěj Vydra *,Czech Republic,3
Des Walker,England,3
Dave Watson,England,3
Timo Werner *,Germany,3
Sander Westerveld,Netherlands,3
Ronnie Whelan,Ireland,3
Ben Wijnstekers,Netherlands,3
Ray Wilkins,England,3
Jetro Willems *,Netherlands,3
Neco Williams *,Wales,3
Marc Wilmots,Belgium,3
Jack Wilshere,England,3
Harry Wilson *,Wales,3
Dennis Wise,England,3
Tony Woodcock,England,3
Christian Wörns,Germany,3
Murat Yakin,Switzerland,3
Zlatko Yankov,Bulgaria,3
Yusuf Yazıcı *,Turkey,3
Okay Yokuşlu *,Turkey,3
Zlatko Zahovič,Slovenia,3
Velimir Zajec,Yugoslavia,3
Gökhan Zan,Turkey,3
Simone Zaza,Italy,3
Zdravko Zdravkov,Bulgaria,3
Mihails Zemļinskis,Latvia,3
Michał Żewłakow,Poland,3
Niki Zimling,Denmark,3
Roman Zobnin *,Russia,3
Gianfranco Zola,Italy,3
Roman Zozulya,Ukraine,3
 Abel Xavier,Portugal,2
Éric Abidal,France,2
Valentin Afonin,USSR,2
Arlind Ajeti *,Albania,2
Nathan Aké *,Netherlands,2
Evgeniy Aldonin,Russia,2
Denis Alibec *,Romania,2
 Álvaro Negredo *,Spain,2
 Amancio,Spain,2
Pietro Anastasi,Italy,2
Nikos Anastopoulos,Greece,2
Anders Andersson,Sweden,2
Viktor Anichkin,USSR,2
Paraskevas Antzas,Greece,2
Luigi Apolloni,Italy,2
Alberto Aquilani,Italy,2
Christos Ardizoglou,Greece,2
 Asensi,Spain,2
Jacek Bąk,Poland,2
László Bálint,Hungary,2
Gordon Banks,England,2
Dmitry Barinov *,Russia,2
David Batty,England,2
Frank Baumann,Germany,2
Anatoly Baydachniy,USSR,2
Peter Beardsley,England,2
Erich Beer,Germany,2
 Belsué,Spain,2
Hatem Ben Arfa,France,2
Diego Benaglio,Switzerland,2
László Bénes *,Slovakia,2
Steven Berghuis *,Netherlands,2
Carl Bertelsen,Denmark,2
 Beto,Portugal,2
Morten Bisgaard,Denmark,2
Nenad Bjelica,Croatia,2
Stig Inge Bjørnebye,Norway,2
Dániel Böde *,Hungary,2
Rainer Bonhof,Germany,2
Christophe Bonvin,Switzerland,2
Scott Booth,Scotland,2
Uğur Boral,Turkey,2
Tim Borowski,Germany,2
John Bosman,Netherlands,2
Jean-Alain Boumsong,France,2
Dedryck Boyata *,Belgium,2
Kasper Bøgelund,Denmark,2
Paul Breitner,Germany,2
Trevor Brooking,England,2
Paweł Brożek,Poland,2
 Bruno Soriano,Spain,2
Kenneth Brylle,Denmark,2
Titus Buberník,CSSR,2
Vlastimil Bubník,CSSR,2
Valentin Bubukin,USSR,2
Aleksey Bugaev,Russia,2
Ivan Buljan,Yugoslavia,2
Bogdan Butko *,Ukraine,2
Anatoliy Byshovets,USSR,2
Antonio Cabrini,Italy,2
 Cadete,Portugal,2
Duje Ćaleta-Car *,Croatia,2
 Calleja,Spain,2
Dominic Calvert-Lewin *,England,2
Lorik Cana,Albania,2
Vincent Candela,France,2
Antonio Candreva *,Italy,2
Ján Čapkovič,CSSR,2
Amedeo Carboni,Italy,2
Tony Cascarino,Ireland,2
Ernesto Castano,Italy,2
Fabio Celestini,Switzerland,2
Recep Çetin,Turkey,2
Nacer Chadli *,Belgium,2
Konstantinos Chalkias,Greece,2
Bobby Charlton,England,2
Stanislav Cherchesov,Russia,2
Enrico Chiesa,Italy,2
Alexandru Chipciu *,Romania,2
Igor Chislenko,USSR,2
Givi Chokheli,USSR,2
Bent Christensen,Denmark,2
Claus Christiansen,Denmark,2
Simon Church,Wales,2
Darko Churlinov *,North Macedonia,2
Liviu Ciobotariu,Romania,2
Ciaran Clark *,Ireland,2
Ray Clemence,England,2
Lei Clijsters,Belgium,2
Ludo Coeck,Belgium,2
James Collins,Wales,2
Alexandre Comisetti,Switzerland,2
Steve Coppell,England,2
Boro Cvetković,Yugoslavia,2
Tony Daley,England,2
 Dani,Spain,2
John Danielsen,Denmark,2
Ümit Davala,Turkey,2
Luuk de Jong *,Netherlands,2
Ousmane Dembélé *,France,2
Halil Dervişoğlu *,Turkey,2
Roberto Di Matteo,Italy,2
Lucas Digne *,France,2
Velizar Dimitrov,Bulgaria,2
 Diogo Dalot *,Portugal,2
Karol Dobiaš,CSSR,2
Jean Dockx,Belgium,2
Jérémy Doku *,Belgium,2
Milan Dolinský,CSSR,2
Leon Dolmans,Belgium,2
Kevin Doyle,Ireland,2
Marin Dragnea,Romania,2
Radek Drulák,Czech Republic,2
Shane Duffy *,Ireland,2
Antal Dunai,Hungary,2
Jean-Philippe Durand,France,2
Vladimir Durković,Yugoslavia,2
Jimmy Durmaz *,Sweden,2
Revaz Dzodzuashvili,USSR,2
Goran Đorović,Yugoslavia,2
Ákos Elek,Hungary,2
 Eliseu,Portugal,2
Rasmus Elm,Sweden,2
Lars Elstrup,Denmark,2
Mevlüt Erdinç,Turkey,2
John Eriksen,Denmark,2
Caner Erkin *,Turkey,2
Gennadiy Evryuzhikhin,USSR,2
Tibor Fábián,Hungary,2
Christian Fassnacht *,Switzerland,2
Máté Fenyvesi,Hungary,2
 Ferran Olivella,Spain,2
Jean-Marc Ferreri,France,2
Giorgio Ferrini,Italy,2
Heinz Flohe,Germany,2
Giorgios Foiros,Greece,2
Marcus Forss *,Finland,2
Kostas Fortounis *,Greece,2
Georgios Fotakis,Greece,2
Robbie Fowler,England,2
 Fran,Spain,2
 Francisco,Spain,2
Torben Frank,Denmark,2
Ryan Fraser *,Scotland,2
Milan Fukal,Czech Republic,2
 Fusté,Spain,2
Romulus Gabor,Romania,2
Petr Gabriel,Czech Republic,2
Milan Galić,Yugoslavia,2
György Garics,Austria,2
Denys Garmash *,Ukraine,2
István Géczi,Hungary,2
Ruud Geels,Netherlands,2
Bernard Genghini,France,2
Sebastian Giovinco,Italy,2
Dorin Goian,Romania,2
Paweł Golański,Poland,2
Bafétimbi Gomis *,France,2
Sidney Govou,France,2
Marco Grassi,Switzerland,2
Ryan Gravenberch *,Netherlands,2
Ján Greguš *,Slovakia,2
Aristide Guarneri,Italy,2
Eiður Guðjohnsen,Iceland,2
 Guerrero,Spain,2
Rolan Gusev,Russia,2
Norbert Gyömbér *,Slovakia,2
Bernt Haas,Switzerland,2
Sulejman Halilović,Yugoslavia,2
Bent Hansen,Denmark,2
Kaj Hansen,Denmark,2
Vegard Heggem,Norway,2
Marc Hendrikx,Belgium,2
Lucas Hernández *,France,2
François Heutte,France,2
Georges Heylens,Belgium,2
Jupp Heynckes,Germany,2
Peter Hoekstra,Netherlands,2
Bernd Hölzenbein,Germany,2
Horst-Dieter Höttges,Germany,2
Marc Hottiger,Switzerland,2
Jakub Hromada *,Slovakia,2
Petar Hubchev,Bulgaria,2
Roger Hunt,England,2
Norman Hunter,England,2
Sverrir Ingason *,Iceland,2
Gino Iorgulescu,Romania,2
Kostas Iosifidis,Greece,2
 Iríbar,Spain,2
Vladimir Ivanov,Bulgaria,2
Carsten Jancker,Germany,2
Marc Janko,Austria,2
Wim Jansen,Netherlands,2
Sébastien Jeanneret,Switzerland,2
Fredrik Jensen *,Finland,2
Drazan Jerković,Yugoslavia,2
Jure Jerković,Yugoslavia,2
 João Palhinha *,Portugal,2
 Joaquín,Spain,2
 Juanito,Spain,2
István Juhász,Hungary,2
Péter Juhász,Hungary,2
Antonio Juliano,Italy,2
Josip Juranović *,Croatia,2
Fahrudin Jusufi,Yugoslavia,2
Tolunay Kafkas,Turkey,2
Anthimos Kapsis,Greece,2
Josip Katalinski,Yugoslavia,2
Ray Kennedy,England,2
Richard Keogh *,Ireland,2
Mateja Kežman,Yugoslavia,2
Dmitriy Khokhlov,Russia,2
Murtaz Khurtsilava,USSR,2
Galimzyan Khusainov,USSR,2
Ledley King,England,2
Rosen Kirilov,Bulgaria,2
Ulf Kirsten,Germany,2
Radostin Kishishev,Bulgaria,2
Ivan Klasnić,Croatia,2
Aleksander Knavs,Slovenia,2
Marcel Koller,Switzerland,2
Viktor Kolotov,USSR,2
Anatoliy Konkov,USSR,2
Vassilios Konstantinou,Greece,2
Bert Konterman,Netherlands,2
Martin Koscelník *,Slovakia,2
Emil Kostadinov,Bulgaria,2
Tihomir Kostadinov *,North Macedonia,2
Bora Kostić,Yugoslavia,2
Darko Kovačević,Yugoslavia,2
Yuriy Kovtun,Russia,2
Kacper Kozłowski *,Poland,2
Erwin Kremers,Germany,2
Anatoliy Krutikov,USSR,2
Sergiy Kryvtsov *,Ukraine,2
Lajos Kü,Hungary,2
Burim Kukeli,Albania,2
Dejan Kulusevski *,Sweden,2
Giannis Kyrastas,Greece,2
Brian Labone,England,2
Marius Lăcătuş,Romania,2
Vassilios Lakis,Greece,2
Raoul Lambert,Belgium,2
Paul Lambrichts,Belgium,2
Michael Lang *,Switzerland,2
 Lapetra,Spain,2
Birger Larsen,Denmark,2
John Lauridsen,Denmark,2
Christoph Leitgeb,Austria,2
Aleksandr Lenev,USSR,2
Oscar Lewicki *,Sweden,2
Nikos Liberopoulos,Greece,2
Verner Lička,CSSR,2
Philipp Lienhart *,Austria,2
Andi Lila,Albania,2
Karol Linetty *,Poland,2
Thomas Linke,Germany,2
Roland Linz,Austria,2
Gennadiy Logofet,USSR,2
Dejan Lovren *,Croatia,2
 Luis Enrique,Spain,2
 Luis Suárez,Spain,2
Silviu Lung,Romania,2
Ole Madsen,Denmark,2
Felix Magath,Germany,2
Evgeniy Makarenko *,Ukraine,2
Grigoris Makos,Greece,2
Eduard Malofeev,USSR,2
Maurice Malpas,Scotland,2
Hami Mandıralı,Turkey,2
Jean-Jaques Marcel,France,2
 Marcelino,Spain,2
Paul Mariner,England,2
 Marlos,Ukraine,2
Marvin Martin,France,2
Anatoliy Maslenkin,USSR,2
Josef Masopust,CSSR,2
Marek Matějovský *,Czech Republic,2
Marco Materazzi,Italy,2
Sandro Mazzola,Italy,2
Terry McDermott,England,2
Paul McGrath,Ireland,2
Tosh McKinlay,Scotland,2
Paddy McNair *,Northern Ireland,2
Norbert Meier,Germany,2
Ledian Memushaj,Albania,2
Umut Meraş *,Turkey,2
Paul Merson,England,2
Mikhail Meskhi,USSR,2
Kálmán Mészöly,Hungary,2
Tümer Metin,Turkey,2
Slava Metreveli,USSR,2
Adrian Mierzejewski,Poland,2
 Migueli,Spain,2
Taras Mikhalik,Ukraine,2
Darko Milanič,Slovenia,2
Håkan Mild,Sweden,2
Branko Miljuš,Yugoslavia,2
 Miquel Soler,Spain,2
Jakub Moder *,Poland,2
Jozef Móder,CSSR,2
Vincenzo Montella,Italy,2
Bobby Moore,England,2
Emre Mor *,Turkey,2
Eduard Mudrik,USSR,2
Mert Müldür *,Turkey,2
Dieter Müller,Germany,2
Gerd Müller,Germany,2
 Munitis,Spain,2
Daryl Murphy,Ireland,2
Jamal Musiala *,Germany,2
Shkodran Mustafi,Germany,2
Dražen Mužinić,Yugoslavia,2
 Nadal,Spain,2
Albert Nađ,Yugoslavia,2
Phil Neal,England,2
Adam Nemec *,Slovakia,2
Krisztián Németh *,Hungary,2
 Nené,Portugal,2
Igor Netto,USSR,2
Günter Netzer,Germany,2
Roman Neustädter *,Russia,2
Pat Nevin,Scotland,2
Marius Niculae,Romania,2
Erling Nielsen,Denmark,2
Leif Nielsen,Denmark,2
Yuriy Nikiforov,Russia,2
Antonio Nocerino,Italy,2
Ladislav Novák,CSSR,2
Arthur Numan,Netherlands,2
Branko Oblak,Yugoslavia,2
Jesper Olsen,Denmark,2
Jonas Olsson,Sweden,2
Vladimir Onishchenko,USSR,2
Divock Origi *,Belgium,2
Yksel Osmanovski,Sweden,2
Sergey Ovchinnikov,Russia,2
Miklós Páncsics,Hungary,2
Dimitrios Papadopoulos,Greece,2
Mario Pašalić *,Croatia,2
Viktor Pasulko,USSR,2
 Paulinho Santos,Portugal,2
David Pavelka *,Czech Republic,2
Dubravko Pavličić,Croatia,2
Predrag Pažin,Bulgaria,2
Viktor Pečovský,Slovakia,2
Georgi Peev,Bulgaria,2
 Pereda,Spain,2
Željko Perušić,Yugoslavia,2
Martin Peters,England,2
Ivaylo Petkov,Bulgaria,2
Milen Petkov,Bulgaria,2
Ilija Petković,Yugoslavia,2
Stilian Petrov,Bulgaria,2
Ognjen Petrović,Yugoslavia,2
Jörgen Pettersson,Sweden,2
Mihai Pintilii,Romania,2
Christian Piot,Belgium,2
Ján Pivarník,CSSR,2
Juan Pizzi,Spain,2
Odilon Polleunis,Belgium,2
Adrian Popa,Romania,2
Danilo Popivoda,Yugoslavia,2
Ján Popluhár,CSSR,2
Jakob Poulsen,Denmark,2
Dennis Praet *,Belgium,2
Pierino Prati,Italy,2
Andrei Prepeliță,Romania,2
Tamás Priskin,Hungary,2
Daniel Prodan,Romania,2
Quincy Promes *,Netherlands,2
Yuriy Pshenichnikov,USSR,2
 Quini,Spain,2
Ljubomir Radanović,Yugoslavia,2
Mirel Rădoi,Romania,2
František Rajtoral,Czech Republic,2
Ole Rasmussen,Denmark,2
 Raúl Albiol *,Spain,2
Fabrizio Ravanelli,Italy,2
Marko Rehmer,Germany,2
Rob Rensenbrink,Netherlands,2
Marco Reus *,Germany,2
 Rivilla,Spain,2
Dominique Rocheteau,France,2
Bruno Rodzik,France,2
Simon Rolfes,Germany,2
Laurenţiu Roşu,Romania,2
Ruslan Rotan,Ukraine,2
Evgeniy Rudakov,USSR,2
Maciej Rybus *,Poland,2
Matvey Safonov *,Russia,2
František Šafránek,CSSR,2
Louis Saha,France,2
Olcay Şahan,Turkey,2
 Satrústegui,Spain,2
Franck Sauzée,France,2
Szabolcs Schön *,Hungary,2
Lasse Schöne *,Denmark,2
Viliam Schrojf,CSSR,2
Bernd Schuster,Germany,2
Dragoslav Šekularac,Yugoslavia,2
Yevhen Seleznyov,Ukraine,2
Léon Semmeling,Belgium,2
Volkan Şen,Turkey,2
 Sérgio Oliveira *,Portugal,2
Miloš Šestić,Yugoslavia,2
Igor Shalimov,RussiaCIS,2
Roman Sharonov,Russia,2
Oleg Shatov,Russia,2
Georgiy Shchennikov,Russia,2
Vyacheslav Shevchuk,Ukraine,2
Viktor Shustikov,USSR,2
Zoran Simović,Yugoslavia,2
Igor Simutenkov,Russia,2
Andy Sinton,England,2
Ferenc Sipos,Hungary,2
Salvatore Sirigu *,Italy,2
Bent Skammelsrud,Norway,2
Milan Škoda *,Czech Republic,2
Andreas Skov Olsen *,Denmark,2
Aleksey Smertin,Russia,2
Aleksandr Sobolev *,Russia,2
Djibril Sow *,Switzerland,2
Ole Sørensen,Denmark,2
Tim Sparv,Finland,2
František Štambachr,CSSR,2
Nicolae Stanciu *,Romania,2
Dejan Stanković,Yugoslavia,2
Jovan Stanković,Yugoslavia,2
Huub Stevens,Netherlands,2
Michel Stievenard,France,2
Ilian Stoyanov,Bulgaria,2
Roar Strand,Norway,2
Tengiz Sulakvelidze,USSR,2
Ivo Šurjak,Yugoslavia,2
Tomáš Suslov *,Slovakia,2
Wim Suurbier,Netherlands,2
Magnus Svensson,Sweden,2
Antal Szentmihályi,Hungary,2
 Tendillo,Spain,2
Christos Terzanidis,Greece,2
Frans Thijssen,Netherlands,2
Jean Thissen,Belgium,2
Kjeld Thorst,Denmark,2
Aurel Ţicleanu,Romania,2
Kieran Tierney *,Scotland,2
Ola Toivonen,Sweden,2
Cenk Tosun *,Turkey,2
Arnór Traustason *,Iceland,2
Vladimir Troshkin,USSR,2
Akhrik Tsveiba,CIS,2
Igor Tudor,Croatia,2
Thierry Tusseau,France,2
Giorgos Tzavellas *,Greece,2
Sašo Udovič,Slovenia,2
Andreas Ulmer *,Austria,2
Hakan Ünsal,Turkey,2
Pascal Vahirua,France,2
Mark van Bommel,Netherlands,2
Paul Van Himst,Belgium,2
Pierre van Hooijdonk,Netherlands,2
Adrie van Kraaij,Netherlands,2
Peter van Vossen,Netherlands,2
Erwin Vandendaele,Belgium,2
Kevin Varga *,Hungary,2
Ivica Vastić,Austria,2
Jan Verheyen,Belgium,2
František Veselý,CSSR,2
Ivo Viktor,CSSR,2
Jean Vincent,France,2
Ron Vlaar,Netherlands,2
Franjo Vladić,Yugoslavia,2
Berti Vogts,Germany,2
Rostislav Vojácek,CSSR,2
Josef Vojta,CSSR,2
Kevin Volland *,Germany,2
Andriy Voronin,Ukraine,2
Valeriy Voronin,USSR,2
Yuriy Voynov,USSR,2
Chris Waddle,England,2
Owen Wijndal *,Netherlands,2
Ray Wilson,England,2
Jonas Wind *,Denmark,2
Maryan Wisnieski,France,2
Mark Wright,England,2
Charalambos Xanthopoulos,Greece,2
Taulant Xhaka *,Albania,2
Igor Yanovski,Russia,2
Sergey Yuran,CIS,2
Rahim Zafer,Turkey,2
Zlatomir Zagorčić,Bulgaria,2
Denis Zakaria *,Switzerland,2
Sándor Zámbó,Hungary,2
Ante Žanetić,Yugoslavia,2
Rifat Zhemaletdinov *,Russia,2
Boris Živković,Croatia,2
 Zoco,Spain,2
Slavisa Žungul,Yugoslavia,2
 Adama Traoré *,Spain,1
Roman Adamov,Russia,1
Ayhan Akman,Turkey,1
Nikolai Alho *,Finland,1
Aleksandr Aliyev,Ukraine,1
Erik Andersen,Denmark,1
Søren Andersen,Denmark,1
Viv Anderson,England,1
Ioan Andone,Romania,1
Tomas Antonelius,Sweden,1
 António Veloso,Portugal,1
Peter Arntz,Netherlands,1
Ionel Augustin,Romania,1
Daniel Avramovski *,North Macedonia,1
Dino Baggio,Italy,1
Chris Baird,Northern Ireland,1
Emir Bajrami,Sweden,1
Bekim Balaj *,Albania,1
Alan Ball,England,1
Sergey Baltacha,USSR,1
Borna Barišić *,Croatia,1
Migjen Basha,Albania,1
Alessandro Bastoni *,Italy,1
 Begiristáin,Spain,1
Egzon Bejtulai *,North Macedonia,1
Emre Belözoğlu,Turkey,1
Loris Benito *,Switzerland,1
Giancarlo Bercellino,Italy,1
Henning Berg,Norway,1
Jan Berger,CSSR,1
Thomas Berthold,Germany,1
Ryan Bertrand,England,1
Vladimir Beschastnykh,Russia,1
Barnabás Bese *,Hungary,1
Roman Bezus *,Ukraine,1
Garry Birtles,England,1
Jaromír Blažek,Czech Republic,1
Nicolai Boilesen *,Denmark,1
Alen Bokšić,Croatia,1
Rudi Bommer,Germany,1
Hannes Bongartz,Germany,1
Peter Bosz,Netherlands,1
Valeri Bozhinov,Bulgaria,1
Jakub Brabec *,Czech Republic,1
Daniel Bravo,France,1
Thomas Brdaric,Germany,1
Igor Budan,Croatia,1
Ante Budimir *,Croatia,1
Evgeniy Bushmanov,Russia,1
Jens-Lys Cajuste *,Sweden,1
 Cardeñosa,Spain,1
Timothy Castagne *,Belgium,1
Gaetano Castrovilli *,Italy,1
Oğuz Çetin,Turkey,1
Viktor Chanov,USSR,1
Trevor Cherry,England,1
Denis Cheryshev *,Russia,1
André Chorda,France,1
Ryan Christie *,Scotland,1
Sokol Çikalleshi *,Albania,1
Laurent Ciman,Belgium,1
Thiago Cionek *,Poland,1
Orhan Çıkırıkçı,Turkey,1
François Clerc,France,1
Nathaniel Clyne *,England,1
Christophe Cocard,France,1
Liam Cooper *,Scotland,1
Duje Čop *,Croatia,1
Bernardo Corradi,Italy,1
Johan Cruyff,Netherlands,1
Tamás Cseri *,Hungary,1
 Cundi,Spain,1
Keith Curle,England,1
Dietmar Danner,Germany,1
Paweł Dawidowicz *,Poland,1
Gilles De Bilde,Belgium,1
Tim de Cler,Netherlands,1
 De la Red,Spain,1
Giancarlo De Sisti,Italy,1
Demy de Zeeuw,Netherlands,1
Jermain Defoe,England,1
Kalle Del'Haye,Germany,1
Mousa Dembélé,Belgium,1
Oktay Derelioğlu,Turkey,1
Stjepan Deverić,Yugoslavia,1
Éric Di Meco,France,1
Marco Di Vaio,Italy,1
Anton Doboș,Romania,1
Bořek Dočkal,Czech Republic,1
Pim Doesburg,Netherlands,1
Oleg Dolmatov,USSR,1
 Donato,Spain,1
Georgi Donkov,Bulgaria,1
Yvon Douis,France,1
Artem Dovbyk *,Ukraine,1
Ivan Dudić,Yugoslavia,1
Tomislav Dujmović,Croatia,1
Kieron Dyer,England,1
Dieter Eckstein,Germany,1
Stephan El Shaarawy *,Italy,1
 Engonga,Spain,1
Magnus Erlingmark,Sweden,1
Fabian Ernst,Germany,1
János Farkas,Hungary,1
Giuseppe Favalli,Italy,1
Duncan Ferguson,Scotland,1
Shane Ferguson *,Northern Ireland,1
 Fernando Navarro,Spain,1
Ciro Ferrara,Italy,1
René Ferrier,France,1
Steliano Filip,Romania,1
James Forrest *,Scotland,1
Sébastien Fournier,Switzerland,1
Fabian Frei *,Switzerland,1
Per Frimann,Denmark,1
Michael Frontzeck,Germany,1
Martin Frýdek,Czech Republic,1
Cody Gakpo *,Netherlands,1
Shkëlzen Gashi,Albania,1
 Gayà *,Spain,1
Alain Geiger,Switzerland,1
 Gerard,Spain,1
Ronald Gërçaliu *,Austria,1
Sorin Ghionea,Romania,1
Billy Gilmour *,Scotland,1
Bjarne Goldbæk,Denmark,1
Sergey Gorlukovich,Russia,1
Ioannis Gounaris,Greece,1
Jürgen Grabowski,Germany,1
Paul Green *,Ireland,1
Stéphane Grichting,Switzerland,1
Bontcho Guenchev,Bulgaria,1
Emre Güngör,Turkey,1
Gennadiy Gusarov,USSR,1
Faruk Hadžibegić,Yugoslavia,1
Vahid Halilhodžić,Yugoslavia,1
Emil Hallfreðsson,Iceland,1
Marcel Halstenberg *,Germany,1
Dávid Hancko *,Slovakia,1
Jens Jørgen Hansen,Denmark,1
Ferhan Hasani *,North Macedonia,1
Filip Helander *,Sweden,1
John Helt,Denmark,1
Jack Hendry *,Scotland,1
Robert Herbin,France,1
Martin Hiden,Austria,1
Lukas Hinterseer *,Austria,1
Erwin Hoffer,Austria,1
Samuel Holmén,Sweden,1
Idriz Hošić,Yugoslavia,1
Geoff Hurst,England,1
Kálmán Ihász,Hungary,1
Mircea Irimescu,Romania,1
Andrey Ivanov,CIS,1
Tomislav Ivković,Yugoslavia,1
Muzzy Izzet,Turkey,1
Reece James *,England,1
Jakob Jantscher *,Austria,1
 Javi Martínez *,Spain,1
Tin Jedvaj *,Croatia,1
Eoin Jess,Scotland,1
 João Félix *,Portugal,1
David Johnson,England,1
Robert Jonquet,France,1
Mariusz Jop,Poland,1
 Jorge Ribeiro,Portugal,1
Zlatko Junuzović *,Austria,1
Ergys Kaçe *,Albania,1
Claudiu Keșerü,Romania,1
Ilian Kiriakov,Bulgaria,1
Dmitriy Kirichenko,Russia,1
Tomislav Knez,Yugoslavia,1
Lajos Kocsis,Hungary,1
Orkun Kökçü *,Turkey,1
Adam Kokoszka,Poland,1
Dmitriy Kombarov,Russia,1
Imre Komora,Hungary,1
Mihály Korhut,Hungary,1
Bülent Korkmaz,Turkey,1
Aleksey Korneev,USSR,1
Igor Korneev,CIS,1
Kiril Kotev,Bulgaria,1
Martin Kotůlek,Czech Republic,1
Giorgios Koudas,Greece,1
Jules Koundé *,France,1
Radoslav Kováč,Czech Republic,1
Ismail Köybaşı *,Turkey,1
Mihály Kozma,Hungary,1
Eduard Kozynkevych,USSR,1
Emil Kremenliev,Bulgaria,1
Bjørn Kristensen,Denmark,1
Oleksandr Kucher,Ukraine,1
Fedor Kudryashov,Russia,1
Andrej Kvašňák,CSSR,1
Georges Lamia,France,1
Sabri Lamouchi,France,1
Lassi Lappalainen *,Finland,1
Jacob Laursen,Denmark,1
Valentino Lazaro *,Austria,1
Frank Leboeuf,France,1
Thomas Lemar *,France,1
Clément Lenglet *,France,1
Philippe Léonard,Belgium,1
Dylan Levitt *,Wales,1
Roger Ljung,Sweden,1
Stanislav Lobotka *,Slovakia,1
Giovanni Lodetti,Italy,1
Dmitriy Loskov,Russia,1
Peter Løvenkrands,Denmark,1
 Lucas Vázquez *,Spain,1
Jordan Lukaku *,Belgium,1
 Luque,Spain,1
Vladimir Lyutiy,CIS,1
Peter Madsen,Denmark,1
Yunus Mallı *,Turkey,1
Vladimir Manchev,Bulgaria,1
Eliaquim Mangala *,France,1
Pavel Mareš,Czech Republic,1
Maurice Martens,Belgium,1
Nigel Martyn,England,1
 Mata,Spain,1
Alexandru Măţel,Romania,1
Sándor Mátrai,Hungary,1
Željko Matuš,Yugoslavia,1
Adam Matuszczyk *,Poland,1
Jim McInally,Scotland,1
Scott McKenna *,Scotland,1
Billy McKinlay,Scotland,1
Conor McLaughlin,Northern Ireland,1
Steve McMahon,England,1
Mario Melchiot,Netherlands,1
Caspar Memering,Germany,1
Wim Meutstege,Netherlands,1
Johan Micoud,France,1
Gheorghe Mihali,Romania,1
Zoran Miladinović,Yugoslavia,1
Marc Millecamps,Belgium,1
Mick Mills,England,1
Kostas Mitroglou,Greece,1
 Molina,Spain,1
Miklos Molnar,Denmark,1
Pavol Molnár,CSSR,1
Dumitru Moraru,Romania,1
Anton Moravčík,CSSR,1
Mbo Mpenza,Belgium,1
Marijan Mrmić,Croatia,1
Youri Mulder,Netherlands,1
Lucien Müller,France,1
Alan Mullery,England,1
István Nagy,Hungary,1
Johan Neeskens,Netherlands,1
Nicolae Negrilă,Romania,1
Paolo Negro,Italy,1
Oliver Neuville,Germany,1
Keith Newton,England,1
Lakis Nikolaou,Greece,1
Takis Nikoloudis,Greece,1
Joakim Nilsson,Sweden,1
Givi Nodia,USSR,1
Dezső Novák,Hungary,1
Pavel Novotný,Czech Republic,1
Massimo Oddo,Italy,1
David Odonkor,Germany,1
Angelo Ogbonna *,Italy,1
Rubin Okotie,Austria,1
 Olmo,Spain,1
Karim Onisiwo *,Austria,1
Mislav Oršić *,Croatia,1
Ivica Osim,Yugoslavia,1
Alexander Östlund,Sweden,1
 Otero,Spain,1
Osman Özköylü,Turkey,1
Igor Pamić,Croatia,1
Avraam Papadopoulos,Greece,1
Christos Patsatzoglou,Greece,1
Nathan Patterson *,Scotland,1
Ladislav Pavlovič,CSSR,1
Zoran Pavlovič,Slovenia,1
Benoît Pedretti,France,1
 Pedro Barbosa,Portugal,1
 Pedro Espinha,Portugal,1
Jacky Peeters,Belgium,1
 Pepe Reina *,Spain,1
Kenneth Pérez,Denmark,1
Luka Peruzović,Yugoslavia,1
Jan Peters,Netherlands,1
Milan Petržela *,Czech Republic,1
Hans Pflügler,Germany,1
Przemysław Płacheta *,Poland,1
Pavel Pogrebnyak,Russia,1
Nikola Pokrivač,Croatia,1
Jaroslav Pollák,CSSR,1
Jan Poortvliet,Netherlands,1
 Porfirio,Portugal,1
Eleftherios Poupakis,Greece,1
Brian Priske,Denmark,1
Florin Prunea,Romania,1
Daniel Pudil,Czech Republic,1
Fabio Quagliarella,Italy,1
 Quim,Portugal,1
Niall Quinn,Ireland,1
Stephen Quinn *,Ireland,1
Milaim Rama,Switzerland,1
Troels Rasmussen,Denmark,1
Giacomo Raspadori *,Italy,1
Petros Ravousis,Greece,1
Jamie Redknapp,England,1
Anthony Réveillère,France,1
Jazz Richards *,Wales,1
Wim Rijsbergen,Netherlands,1
Vits Rimkus,Latvia,1
Jens Risager,Denmark,1
Vidar Riseth,Norway,1
Kire Ristevski *,North Macedonia,1
Milan Ristovski *,North Macedonia,1
Luigi Riva,Italy,1
Gianni Rivera,Italy,1
 Robert,Spain,1
Tyler Roberts *,Wales,1
Marko Rog *,Croatia,1
Roberto Rosato,Italy,1
Jérôme Rothen,France,1
 Rúben Neves *,Portugal,1
Vedran Runje,Croatia,1
Michal Sadílek *,Czech Republic,1
Nuri Şahin,Turkey,1
Kornél Saláta,Slovakia,1
Sandro Salvadore,Italy,1
Aleksandr Samedov,Russia,1
Lucian Sânmărtean,Romania,1
László Sárosi,Hungary,1
Louis Schaub *,Austria,1
Michael Schulz,Germany,1
Stanislav Seman,CSSR,1
Andrei Semyonov *,Russia,1
 Sergio García,Spain,1
Stanislav Šesták,Slovakia,1
Anton Shunin *,Russia,1
Robert Siatka,France,1
Dávid Sigér *,Hungary,1
Ermin Šiljak,Slovenia,1
Allan Simonsen,Denmark,1
Nasko Sirakov,Bulgaria,1
Jiří Skalák *,Czech Republic,1
Alan Smith,England,1
Eduard Sobol *,Ukraine,1
Pyry Soiri *,Finland,1
Ståle Solbakken,Norway,1
Ernő Solymosi,Hungary,1
Milutin Šoškić,Yugoslavia,1
Stefan Spirovski *,North Macedonia,1
Nikos Spyropoulos,Greece,1
Joachim Standfest,Austria,1
Filip Starzyński *,Poland,1
Nobby Stiles,England,1
Ovidiu Stîngă,Romania,1
Miroslav Stoch *,Slovakia,1
Vlatko Stojanovski *,North Macedonia,1
Andrejs Štolcers,Latvia,1
Marco Streller,Switzerland,1
Niklas Süle *,Germany,1
Gary Sundgren,Sweden,1
Wilbert Suvrijn,Netherlands,1
Ján Švehlík,CSSR,1
Gustav Svensson *,Sweden,1
Václav Svěrkoš,Czech Republic,1
Jakub Świerczok *,Poland,1
István Szőke,Hungary,1
Lajos Szűcs,Hungary,1
Jean Taillandier,France,1
Shani Tarashaj,Switzerland,1
Gaston Taument,Netherlands,1
Andreas Thom,Germany,1
Marcus Thuram *,France,1
Lajos Tichý,Hungary,1
Dorukhan Toköz *,Turkey,1
Moreno Torricelli,Italy,1
Christopher Trimmel *,Austria,1
Leandro Trossard *,Belgium,1
Kakhaber Tskhadadze,CIS,1
Roman Týce,Czech Republic,1
Alexandros Tziolis,Greece,1
 Uría,Spain,1
Štěpán Vachoušek,Czech Republic,1
Leo Väisänen *,Finland,1
Willem van Hanegem,Netherlands,1
Hans Vanaken *,Belgium,1
Roland Varga *,Hungary,1
Zoltán Varga,Hungary,1
Hrvoje Vejić,Croatia,1
Joël Veltman *,Netherlands,1
Jan Vennegoor of Hesselink,Netherlands,1
Frédéric Veseli *,Albania,1
 Vicente Del Bosque,Spain,1
Blagoje Vidinić,Yugoslavia,1
Eric Viscaal,Netherlands,1
Ion Vlădoiu,Romania,1
Eddy Voordeckers,Belgium,1
Mirko Votava,Germany,1
Martien Vreijsen,Netherlands,1
Loukas Vyntra,Greece,1
Dave Watson,England,1
Jakub Wawrzyniak,Poland,1
Jean Wendling,France,1
Pontus Wernbloom,Sweden,1
Kevin Wimmer *,Austria,1
Bent Wolmar,Denmark,1
Tommy Wright,England,1
Wolfram Wuttke,Germany,1
Tomasz Zahorski,Poland,1
Cristiano Zanetti,Italy,1
Ioan Zare,Romania,1
Branko Zebec,Yugoslavia,1
Erkan Zengin,Sweden,1
Dzintars Zirnis,Latvia,1
Pascal Zuberbühler,Switzerland,1
Oleksandr Zubkov *,Ukraine,1
Maciej Żurawski,Poland,1
